,state,total_hospitals,total_beds,Active,ratio_beds_active
0,Manipur,145.0,4063.0,22943,0.17709105173691322
1,Maharashtra,3974.0,127036.0,621238,0.2044884569198922
2,Telangana,1805.0,40012.0,190222,0.210343703672551
3,Chhattisgarh,1237.0,23766.0,112561,0.2111388491573458
4,Bihar,3184.0,30213.0,96471,0.3131821998320739
5,Kerala,2594.0,79437.0,232808,0.3412125012886155
6,Lakshadweep,19.0,550.0,1179,0.46649703138252757
7,Assam,2455.0,38689.0,80177,0.4825448694762837
8,Jharkhand,1118.0,19047.0,38274,0.4976485342530177
9,Uttar Pradesh,8788.0,141026.0,273312,0.5159890528041213
10,Haryana,1361.0,27320.0,51436,0.5311455012053814
11,Delhi,730.0,48364.0,89592,0.5398249843736048
12,Rajasthan,3908.0,86302.0,142064,0.6074867665277621
13,Uttarakhand,848.0,16574.0,26108,0.6348245748429601
14,Madhya Pradesh,2332.0,69106.0,89057,0.775974937399643
15,Chandigarh,52.0,4604.0,5575,0.825829596412556
16,Odisha,3611.0,35488.0,39782,0.8920617364637273
17,Himachal Pradesh,1480.0,21954.0,23641,0.9286409204348378
18,Punjab,1442.0,35097.0,37682,0.9313996072395309
19,Andhra Pradesh,1930.0,84588.0,83650,1.0112133891213388
20,Puducherry,68.0,8106.0,7510,1.0793608521970706
21,Daman & Diu,13.0,538.0,479,1.1231732776617953
22,Gujarat,2739.0,74985.0,55880,1.3418933428775948
23,Jammu & Kashmir,962.0,25686.0,17666,1.4539793954488849
24,Goa,85.0,5869.0,3617,1.6226154271495714
25,Tamil Nadu,3811.0,152377.0,91326,1.6684952806429714
26,West Bengal,3492.0,135370.0,42074,3.2174264391310547
27,Karnataka,5802.0,129263.0,39320,3.287461851475076
28,Mizoram,177.0,4309.0,672,6.412202380952381
29,Meghalaya,338.0,9289.0,1403,6.620812544547398
30,Nagaland,204.0,4222.0,562,7.512455516014235
31,Arunachal Pradesh,418.0,4922.0,547,8.9981718464351
32,Tripura,313.0,9361.0,777,12.047619047619047
33,Andaman & Nicobar Islands,65.0,2428.0,19,127.78947368421052
